subject,sample,emotion7,class3,in_megc2019
sub01,EP02_01f,happiness,1,1
sub01,EP03_02,others,0,0
sub01,EP04_02,others,0,0
sub01,EP04_03,others,0,0
sub01,EP04_04,others,0,0
sub01,EP19_01,others,0,0
sub01,EP19_03f,others,0,0
sub01,EP19_05f,disgust,0,1
sub01,EP19_06f,disgust,0,1
sub02,EP01_11f,repression,0,1
sub02,EP02_04f,repression,0,1
sub02,EP03_02f,repression,0,1
sub02,EP06_01f,repression,0,1
sub02,EP06_02f,repression,0,1
sub02,EP08_04,others,0,0
sub02,EP09_01,happiness,1,1
sub02,EP09_06f,others,0,0
sub02,EP09_10,others,0,0
sub02,EP11_01,surprise,2,1
sub02,EP13_04,surprise,2,1
sub02,EP14_01,surprise,2,1
sub02,EP15_04,others,0,0
sub03,EP01_2,surprise,2,1
sub03,EP07_03,others,0,0
sub03,EP07_04,disgust,0,1
sub03,EP08_1,others,0,0
sub03,EP09_03,disgust,0,1
sub03,EP18_06,disgust,0,1
sub03,EP19_08,disgust,0,1
sub04,EP12_01f,disgust,0,0
sub04,EP12_02f,disgust,0,1
sub04,EP13_02f,others,0,0
sub04,EP13_06f,disgust,0,1
sub04,EP19_01f,others,0,0
sub05,EP02_07,surprise,2,1
sub05,EP03_01,happiness,1,1
sub05,EP03_06,surprise,2,1
sub05,EP03_07,others,0,0
sub05,EP04_05,surprise,2,1
sub05,EP04_06,surprise,2,1
sub05,EP05_03,others,0,0
sub05,EP05_09,others,0,0
sub05,EP06_10,others,0,0
sub05,EP07_01,others,0,0
sub05,EP08_05,others,0,0
sub05,EP09_05f,disgust,0,0
sub05,EP12_03f,surprise,2,1
sub05,EP12_06,others,0,0
sub05,EP13_04f,others,0,0
sub05,EP13_06,others,0,0
sub05,EP16_03f,others,0,0
sub05,EP16_04f,others,0,0
sub05,EP19_03,others,0,0
sub06,EP01_01,happiness,1,1
sub06,EP02_31,surprise,2,1
sub06,EP10_08,others,0,0
sub06,EP15_02,surprise,2,1
sub06,EP16_05,disgust,0,1
sub07,EP01_01,disgust,0,1
sub07,EP03_04,others,0,0
sub07,EP06_01,others,0,0
sub07,EP06_02_01,disgust,0,1
sub07,EP06_02_02,disgust,0,1
sub07,EP08_02,disgust,0,1
sub07,EP15_01,disgust,0,1
sub07,EP18_01,others,0,0
sub07,EP18_03,others,0,0
sub08,EP12_07f,others,0,0
sub08,EP12_08f,others,0,0
sub08,EP13_01f,repression,0,1
sub09,EP02_01f,happiness,1,1
sub09,EP05_02,others,0,0
sub09,EP05_03,others,0,0
sub09,EP05_05,happiness,1,1
sub09,EP06_01f,repression,0,1
sub09,EP06_02f,happiness,1,1
sub09,EP09_04,repression,0,1
sub09,EP09_05,repression,0,1
sub09,EP09f,happiness,1,1
sub09,EP13_01,repression,0,1
sub09,EP13_02,fear,0,0
sub09,EP15_05,happiness,1,1
sub09,EP17_08,repression,0,1
sub09,EP18_03,others,0,0
sub10,EP06_01f,others,0,0
sub10,EP08_01f,others,0,0
sub10,EP10_01f,others,0,0
sub10,EP11_01,others,0,0
sub10,EP11_01f,others,0,0
sub10,EP12_02f,others,0,0
sub10,EP12_03f,others,0,0
sub10,EP12_04,others,0,0
sub10,EP13_01,fear,0,0
sub10,EP13_02f,others,0,0
sub10,EP13_03f,others,0,0
sub10,EP16_02f,others,0,0
sub10,EP18_01f,others,0,0
sub10,EP19_04f,others,0,0
sub11,EP02_06f,others,0,0
sub11,EP08_01f,disgust,0,1
sub11,EP12_03f,others,0,0
sub11,EP13_02f,disgust,0,1
sub11,EP13_03f,disgust,0,1
sub11,EP13_05f,disgust,0,1
sub11,EP15_01f,others,0,0
sub11,EP15_04f,others,0,0
sub11,EP18_03f,others,0,0
sub11,EP19_03f,others,0,0
sub12,EP01_02,disgust,0,1
sub12,EP02_05,surprise,2,1
sub12,EP03_02,others,0,0
sub12,EP03_04,happiness,1,1
sub12,EP04_16,disgust,0,1
sub12,EP06_06,surprise,2,1
sub12,EP08_01,surprise,2,1
sub12,EP08_03,surprise,2,1
sub12,EP08_07,happiness,1,1
sub12,EP09_02,disgust,0,1
sub12,EP09_06,disgust,0,1
sub12,EP16_02,disgust,0,1
sub13,EP01_01,others,0,0
sub13,EP01_02,others,0,0
sub13,EP02_02,others,0,0
sub13,EP02_03,others,0,0
sub13,EP03_01,happiness,1,1
sub13,EP08_01,others,0,0
sub13,EP09_10,happiness,1,1
sub13,EP12_01,others,0,0
sub14,EP04_04f,others,0,0
sub14,EP09_03,happiness,1,1
sub14,EP09_04,happiness,1,1
sub14,EP09_06,happiness,1,1
sub15,EP03_02,happiness,1,1
sub15,EP04_02,surprise,2,1
sub15,EP08_02,disgust,0,1
sub16,EP01_05,happiness,1,1
sub16,EP01_08,repression,0,1
sub16,EP01_09f,others,0,0
sub16,EP04_02f,happiness,1,1
sub17,EP01_06,happiness,1,1
sub17,EP01_13,surprise,2,1
sub17,EP01_15,happiness,1,1
sub17,EP02_01,disgust,0,1
sub17,EP02_03,disgust,0,1
sub17,EP02_11,disgust,0,1
sub17,EP02_18f,repression,0,1
sub17,EP03_02,disgust,0,1
sub17,EP03_09,happiness,1,1
sub17,EP05_02,happiness,1,1
sub17,EP05_03,happiness,1,1
sub17,EP05_03f,repression,0,1
sub17,EP05_04,repression,0,1
sub17,EP05_09,repression,0,1
sub17,EP05_10,repression,0,1
sub17,EP06_04,disgust,0,1
sub17,EP06_07,happiness,1,1
sub17,EP06_08,repression,0,1
sub17,EP07_01,disgust,0,1
sub17,EP08_02,disgust,0,1
sub17,EP08_03,others,0,0
sub17,EP10_06,repression,0,1
sub17,EP11_01,disgust,0,1
sub17,EP11_02,disgust,0,1
sub17,EP12_03,repression,0,1
sub17,EP13_01,others,0,0
sub17,EP13_03,disgust,0,1
sub17,EP13_04,disgust,0,1
sub17,EP13_06,disgust,0,1
sub17,EP13_09,happiness,1,1
sub17,EP15_01,sadness,0,0
sub17,EP15_03,sadness,0,0
sub17,EP15_04,repression,0,1
sub17,EP15_05,others,0,0
sub17,EP16_01f,disgust,0,1
sub17,EP18_07,disgust,0,1
sub18,EP08_01,others,0,0
sub18,EP18_01,others,0,0
sub18,EP19_01,others,0,0
sub19,EP01_01f,happiness,1,1
sub19,EP01_02f,happiness,1,1
sub19,EP02_01,surprise,2,1
sub19,EP06_01f,surprise,2,1
sub19,EP06_02f,others,0,0
sub19,EP08_02,happiness,1,1
sub19,EP11_01f,others,0,0
sub19,EP11_04f,surprise,2,1
sub19,EP13_01,disgust,0,1
sub19,EP15_03f,others,0,0
sub19,EP16_01,disgust,0,1
sub19,EP16_02,disgust,0,1
sub19,EP19_01,others,0,0
sub19,EP19_02,surprise,2,1
sub19,EP19_03,surprise,2,1
sub19,EP19_04,sadness,0,0
sub20,EP01_03,disgust,0,1
sub20,EP03_02,others,0,0
sub20,EP06_03,disgust,0,1
sub20,EP07_04,others,0,0
sub20,EP10_02,others,0,0
sub20,EP12_01,others,0,0
sub20,EP13_02,others,0,0
sub20,EP15_03f,others,0,0
sub20,EP16_01,others,0,0
sub20,EP16_04,others,0,0
sub20,EP18_03,others,0,0
sub21,EP01_07,others,0,0
sub21,EP05_02,repression,0,1
sub22,EP01_12,repression,0,1
sub22,EP13_08,repression,0,1
sub23,EP02_01,happiness,1,1
sub23,EP03_14f,disgust,0,1
sub23,EP04_03f,repression,0,1
sub23,EP05_24f,repression,0,1
sub23,EP05_25f,disgust,0,1
sub23,EP07_01,others,0,0
sub23,EP12_02f,disgust,0,1
sub23,EP12_03,disgust,0,1
sub23,EP13_03,others,0,0
sub23,EP13_04,repression,0,1
sub23,EP13_07f,others,0,0
sub23,EP17_01,others,0,0
sub24,EP01_08,disgust,0,1
sub24,EP02_02f,disgust,0,1
sub24,EP07_01,sadness,0,0
sub24,EP07_04f,sadness,0,0
sub24,EP08_02,others,0,0
sub24,EP10_01f,others,0,0
sub24,EP10_02,others,0,0
sub24,EP10_03,sadness,0,0
sub24,EP12_01,others,0,0
sub24,EP18_03,surprise,2,1
sub25,EP03_01,others,0,0
sub25,EP03_02,others,0,0
sub25,EP09_02,disgust,0,1
sub25,EP10_01,disgust,0,1
sub25,EP10_10,surprise,2,1
sub25,EP12_01,surprise,2,1
sub25,EP18_04f,disgust,0,1
sub26,EP03_10,happiness,1,1
sub26,EP07_28,others,0,0
sub26,EP07_37,others,0,0
sub26,EP08_04,others,0,0
sub26,EP09_04,disgust,0,1
sub26,EP09_09,disgust,0,1
sub26,EP13_01,others,0,0
sub26,EP13_02,happiness,1,1
sub26,EP13_11,disgust,0,1
sub26,EP15_01,sadness,0,0
sub26,EP16_01,disgust,0,1
sub26,EP18_44,disgust,0,1
sub26,EP18_46,others,0,0
sub26,EP18_47,disgust,0,1
sub26,EP18_49,disgust,0,1
sub26,EP18_50,disgust,0,1
sub26,EP18_51,disgust,0,1
